{"loss": [1.8328858613967896, 1.4715349674224854, 1.2471760511398315, 1.1118119955062866, 1.017889380455017, 0.9505201578140259, 0.904106080532074, 0.8671095371246338, 0.8361330032348633, 0.8100730776786804, 0.7886132001876831, 0.768212080001831, 0.7555140256881714, 0.7406105399131775, 0.7304470539093018, 0.7222099900245667, 0.7106443047523499, 0.7033464908599854, 0.6955175995826721, 0.6906711459159851, 0.6836791634559631, 0.6773871779441833, 0.6755982637405396, 0.6686274409294128, 0.6644372940063477], "masked_accuracy": [0.5964570641517639, 0.6162187457084656, 0.6471879482269287, 0.6765105724334717, 0.6944170594215393, 0.7057392597198486, 0.7113796472549438, 0.7178153991699219, 0.7207368016242981, 0.7241988778114319, 0.7271791696548462, 0.7318875193595886, 0.7304474115371704, 0.7343316078186035, 0.734731137752533, 0.7345637083053589, 0.7381824851036072, 0.7388942837715149, 0.7383211851119995, 0.7405325174331665, 0.739309549331665, 0.7406201958656311, 0.7415018677711487, 0.7425393462181091, 0.7429644465446472], "val_loss": [1.5836763381958008, 1.2832447290420532, 1.1128116846084595, 0.995435357093811, 0.9215365648269653, 0.8644931316375732, 0.8229244947433472, 0.788648784160614, 0.7634881138801575, 0.7409517765045166, 0.7225240468978882, 0.71352219581604, 0.6982523798942566, 0.6865713596343994, 0.6769054532051086, 0.6751174926757812, 0.6678990721702576, 0.6617501974105835, 0.6610708236694336, 0.6553143858909607, 0.6527146100997925, 0.6462082266807556, 0.6425227522850037, 0.641359806060791, 0.6413890719413757], "val_masked_accuracy": [0.6082485318183899, 0.6387709379196167, 0.6799811124801636, 0.7034993767738342, 0.7103113532066345, 0.7200137972831726, 0.7242281436920166, 0.7262738347053528, 0.7304222583770752, 0.731164276599884, 0.7330315113067627, 0.731268048286438, 0.734085738658905, 0.7346122860908508, 0.738646924495697, 0.7341794967651367, 0.7369279265403748, 0.7374829649925232, 0.7326595783233643, 0.7360674142837524, 0.7332503199577332, 0.7366862297058105, 0.7377795577049255, 0.7372403740882874, 0.7369316816329956]}